image	source
office_01.jpg	Images\office\homeoff007.jpg
office_02.jpg	Images\office\int230.jpg
office_03.jpg	Images\office\office2.jpg
office_04.jpg	Images\office\o5.jpg
meeting_room_01.jpg	Images\meeting_room\meeting_room1_1.jpg
meeting_room_02.jpg	Images\meeting_room\confrm.jpg
meeting_room_03.jpg	Images\meeting_room\n_conference_room_lg.jpg
computerroom_01.jpg	Images\computerroom\ComputerRoom_full.jpg
computerroom_02.jpg	Images\computerroom\url_gif.jpg
computerroom_03.jpg	Images\computerroom\Computer8i7.jpg
corridor_01.jpg	Images\corridor\corridor.jpg
corridor_02.jpg	Images\corridor\staffroom_corridor.jpg
corridor_03.jpg	Images\corridor\hallway2_before.jpg
library_01.jpg	Images\library\danielkimberlylibrarycl1.jpg
library_02.jpg	Images\library\bibliotheksaq.jpg
kitchen_01.jpg	Images\kitchen\N364017.jpg
kitchen_02.jpg	Images\kitchen\N364071.jpg
livingroom_01.jpg	Images\livingroom\room392.jpg
livingroom_02.jpg	Images\livingroom\room500.jpg
lobby_01.jpg	Images\lobby\uploads_images_photos_images_fullsize_hotellobby.jpg
